id,text,source,chapter,veda,domain,branch,formula,language,keywords,annotated_by,confidence,notes
SHLOKA_000035,परावर्त्य योजयेत्।,vedic_mathematics_sutras,,Unknown,Unknown,Unknown,,Sanskrit,,ai_heuristic,0.6,
SHLOKA_000020,इन्द्र इद्धर्योः सचा समिश्ल आ वचोयुजा।,rigveda_mandala2,,Rigveda,Unknown,Unknown,,Sanskrit,rigveda,ai_heuristic,0.6,
SHLOKA_000033,ऊर्ध्वतिर्यग्भ्याम्।,vedic_mathematics_sutras,,Unknown,Unknown,Unknown,,Sanskrit,,ai_heuristic,0.6,
SHLOKA_000004,रात्रौ प्रकाशयति।।,atharvaveda_sample,,Atharvaveda,Unknown,Unknown,,Sanskrit,atharvaveda,ai_heuristic,0.6,
SHLOKA_000028,गोलस्य पृष्ठफलं व्यासवर्गं पाईगुणितम्।।,sulbasutras_sample,,Unknown,Mathematics,Arithmetic,,Sanskrit,mathematics|arithmetic,ai_heuristic,0.6,
SHLOKA_000027,वृत्तस्य क्षेत्रफलं व्यासार्धवर्गं पाईगुणितम्।।,sulbasutras_sample,,Unknown,Mathematics,Arithmetic,,Sanskrit,mathematics|arithmetic,ai_heuristic,0.6,
SHLOKA_000022,इन्द्र इद्वृत्रहा वसु दाता मघवा पुरुहूतः।,rigveda_mandala2,,Rigveda,Unknown,Unknown,,Sanskrit,rigveda,ai_heuristic,0.6,
SHLOKA_000047,यावदूनं तावदूनं।,vedic_mathematics_sutras,,Unknown,Unknown,Unknown,,Sanskrit,,ai_heuristic,0.6,
SHLOKA_000026,त्रिभुजस्य क्षेत्रफलं भूमिश्चशीर्षलम्बार्धगुणितम्।।,sulbasutras_sample,,Unknown,Mathematics,Arithmetic,,Sanskrit,mathematics|arithmetic,ai_heuristic,0.6,
SHLOKA_000007,नक्षत्राणि सप्तविंशतिः चन्द्रमण्डलं परिक्रामन्ति।।,atharvaveda_sample,,Atharvaveda,Astronomy,Jyotisha,,Sanskrit,astronomy|atharvaveda|jyotisha,ai_heuristic,0.6,
SHLOKA_000038,समीकरणसूत्रम्।।,vedic_mathematics_sutras,,Unknown,Grammar,Vyakarana,sutric_formula,Sanskrit,grammar|vyakarana,ai_heuristic,0.6,
SHLOKA_000009,होतारं रत्नधातमम्।।,rigveda_mandala1,,Rigveda,Unknown,Unknown,,Sanskrit,rigveda,ai_heuristic,0.6,
SHLOKA_000040,अनुपातसूत्रम्।।,vedic_mathematics_sutras,,Unknown,Grammar,Vyakarana,sutric_formula,Sanskrit,grammar|vyakarana,ai_heuristic,0.6,
SHLOKA_000041,संकलनव्यवकलनाभ्याम्।,vedic_mathematics_sutras,,Unknown,Unknown,Unknown,,Sanskrit,,ai_heuristic,0.6,
SHLOKA_000005,ग्रहाः नवसंख्याकाः सूर्यमण्डलं परिक्रामन्ति।,atharvaveda_sample,,Atharvaveda,Mathematics,Arithmetic,,Sanskrit,mathematics|atharvaveda|arithmetic,ai_heuristic,0.6,
SHLOKA_000017,देवो देवेभिरागमत्।।,rigveda_mandala1,,Rigveda,Unknown,Unknown,,Sanskrit,rigveda,ai_heuristic,0.6,
SHLOKA_000001,ज्योतिषां ज्योतिरजरं तदादित्यस्तपति।,atharvaveda_sample,,Atharvaveda,Astronomy,Jyotisha,,Sanskrit,astronomy|atharvaveda|jyotisha,ai_heuristic,0.6,
SHLOKA_000006,ज्योतिष्यम्।।,atharvaveda_sample,,Atharvaveda,Astronomy,Jyotisha,,Sanskrit,astronomy|atharvaveda|jyotisha,ai_heuristic,0.6,
SHLOKA_000031,निखिलं नवतश्चरमं दशतः।,vedic_mathematics_sutras,,Unknown,Unknown,Unknown,,Sanskrit,,ai_heuristic,0.6,
SHLOKA_000044,पूर्णसूत्रम्।।,vedic_mathematics_sutras,,Unknown,Grammar,Vyakarana,sutric_formula,Sanskrit,grammar|vyakarana,ai_heuristic,0.6,
SHLOKA_000010,अग्निः पूर्वेभिरृषिभिरीड्यो नूतनैरुत।,rigveda_mandala1,,Rigveda,Unknown,Unknown,,Sanskrit,rigveda,ai_heuristic,0.6,
SHLOKA_000012,अग्निना रयिमश्नवत् पोषमेव दिवेदिवे।,rigveda_mandala1,,Rigveda,Unknown,Unknown,,Sanskrit,rigveda,ai_heuristic,0.6,
SHLOKA_000014,अग्ने यं यज्ञमध्वरं विश्वतः परिभूरसि।,rigveda_mandala1,,Rigveda,Unknown,Unknown,,Sanskrit,rigveda,ai_heuristic,0.6,
SHLOKA_000037,शून्यं साम्यसमुच्चये।,vedic_mathematics_sutras,,Unknown,Unknown,Unknown,,Sanskrit,,ai_heuristic,0.6,
SHLOKA_000016,अग्निर्होता कविक्रतुः सत्यश्चित्रश्रवस्तमः।,rigveda_mandala1,,Rigveda,Unknown,Unknown,,Sanskrit,rigveda,ai_heuristic,0.6,
SHLOKA_000030,इति सूत्रम्।।,vedic_mathematics_sutras,,Unknown,Grammar,Vyakarana,sutric_formula,Sanskrit,grammar|vyakarana,ai_heuristic,0.6,
SHLOKA_000025,आयतचतुरश्रस्य क्षेत्रफलं दीर्घभुजेन ह्रस्वभुजगुणितम्।।,sulbasutras_sample,,Unknown,Mathematics,Arithmetic,,Sanskrit,mathematics|arithmetic,ai_heuristic,0.6,
SHLOKA_000013,यशसं वीरवत्तमम्।।,rigveda_mandala1,,Rigveda,Unknown,Unknown,,Sanskrit,rigveda,ai_heuristic,0.6,
SHLOKA_000045,चलनकलनाभ्याम्।,vedic_mathematics_sutras,,Unknown,Unknown,Unknown,,Sanskrit,,ai_heuristic,0.6,
SHLOKA_000018,इन्द्रमिद् गाथिनो बृहदिन्द्रमर्केभिरर्किणः।,rigveda_mandala2,,Rigveda,Unknown,Unknown,,Sanskrit,rigveda,ai_heuristic,0.6,
SHLOKA_000046,गतिसूत्रम्।।,vedic_mathematics_sutras,,Unknown,Grammar,Vyakarana,sutric_formula,Sanskrit,grammar|vyakarana,ai_heuristic,0.6,
